Name,Height
Shakib Delowar,71
Brandon  Green,72
Reng  Chen,69
Anirudha Das,68
Gabriel Linus,75
Nana Boateng,67
Carlos Garcia,72
Alex  Ma,70
Amir Nabiyev,71
Alex Abraham,73
Mahmoud Tayeh,74
Kyrylo Vysotskyy,72
Ray Rodriguez,67
Abdoylaye Kante,71
Oscar Calderon,76
Christopher King,71
Levi Rosario,64
Emmanuel Oladosu,70
Joseph Gianfranco Teves,65
Alain Abreu Esteva,72
Daylan Peralta,72
Neithan Pilay,70
Christian Agudo,67
Emmanuel Cochran,76
Almir Pepic,74
John Zerafa,67
Jayden Diaz,71
Kevin Seise,68
Dion  Csikortos,65
Stefan Simon,69
Farid Akhundov,70
Omar Shawki,69
Yinuo Zhang,74
David Lema,68
Ali Zandani,66
Armand  Kaloshi,76
Aaron Siu,72
Tylar Pina,67
Jason Lin,77
Jiaian  Flanders,70
Joaquin Calderon,80
Nate Whyte,70
Eugene  Villarruz,66
Micah Rossman,68
Sebastian Rodriguez,68
Maxwell Law,69
Omar Alaoui,72
Nick Fuentes,74
Jimmy  Thinlay,71
Matthew Vong,69
Evan Wandersee,68
Logan Ramos,70
Daniel Gonzalez Verdejo,68
Alex Bridgelall,72
Jaden Lamarre,75
Steven Ajazi,76
Adam Bainey,77
Attila Nerette,76
Argjend Osmanaj,74
Ari Osmanaj,75
Raymond Yu,68
Kory Lingenfelter,74
Kairos Liang,71
Peter Gavroff,76
Zachary Yao,72
Ryan Oommen,69
Noah Pak,72
David Tang,69
Valentin Rodriguez,69
Aaron Clarke,72
Haoxin Hu,77
Caeleb Lee-Wen,67
Charlie Nguyen,71
Jacob Chen,69
Wyatt Kotuk,78
Crisostomo Ibarra,66
Lenny Arbitman,67
Brandon Yeh,67
Nick Yao,69
Charles Pampliega,72
Admir Cekic,73
Charlie Alvarez,67
Kyle Foley,74
Felipe Delgado,72
Lucas George,76
Jon Domingo,72
Wesley Stubbs,75
Jaidan LaSalle,69
Annes Deljanin,79
Demetri Gournelos,73
Jon Pflueger,77
Ahmed Mohamed,71
Ahmed Algendy,73
Joseph Lebron,67
Vincent Agokei,75
Iteoluwakiisi Adegboye,72
Ian McIntosh,72
Alexis Ramirez,68
George Molina,72
Stanley  Sanchez,68
Sebastian Gomez,76
"David Heyliger, Jr.",73
Ryan Tulsie,70
Cameron Gray,72
Nathan Goh,76
Wil Basilio,77
Xander Pink,67
Mason Connor,73
Griffin Satterfield,78
Raj√© Alleyne,78
Vanis Buckholz,78
Lucas Machado,78
Rodney Wallace,78
Lukas Pytlak,74
Ryan Bartz,77
Eyal Rawitz,78
Jason Harris,78
Marty Canavan,77
Ryan Louis,81
Aaron Hernandez,75
Tinaishe Ndavazocheva,78
Braydon Savitski-Lynde,79
Patrick Rogers,79
Will Patterson,82
Mateusz Karpow,81
Peter Zurawski,78
